{
    "type": "FeatureCollection",
    "features": [
   {
     "type": "Feature",
     "geometry": {
        "type": "Point",
        "coordinates":  [ 101.96925,2.71578 ]
     },
     "properties": {
     "name":"Forest City Johor",
     "html":"Forest City Johor",
     "tab": "forest-city-johor",
     "country": "Malaysia",
     "continent": "Asia",
     "wikipedia":"https://en.wikipedia.org/wiki/Forest_City_(Johor)"
     }
   },
   {
     "type": "Feature",
     "geometry": {
        "type": "Point",
        "coordinates":  [ 109.389236,24.299841 ]
     },
     "properties": {
     "name":"Forest City",
     "html":"Forest City",
     "country": "China",
     "tab": "forest-city",
     "continent": "Asia",
     "wikipedia":"https://en.wikipedia.org/wiki/Liuzhou_Forest_City"
     }
   },
   {
     "type": "Feature",
     "geometry": {
        "type": "Point",
        "coordinates":  [ -81.037811,35.243881 ]
     },
     "properties": {
     "name":"Belmont",
     "html":"Belmont",
     "tab": "belmont",
     "continent": "North America",
     "country": "United States",
     "wikipedia":"https://en.wikipedia.org/wiki/Belmont,_Arizona"
     }
   },
   {
     "type": "Feature",
     "geometry": {
        "type": "Point",
        "coordinates":  [ 126.99778,37.568291 ]
     },
     "properties": {
     "name":"Songdo",
     "html":"Songdo",
     "tab": "songdo",
     "continent": "Asia",
     "country": "South Korea",
     "wikipedia":"https://en.wikipedia.org/wiki/Songdo_International_Business_District"
     }
   },
   {
     "type": "Feature",
     "geometry": {
        "type": "Point",
        "coordinates":  [ 79.85775,6.93197 ]
     },
     "properties": {
     "name":"Colombo Port City",
     "html":"Colombo Port City",
     "tab": "colombo-port-city",
     "continent": "Asia",
     "country": "Sri Lanka",
     "wikipedia":"https://en.wikipedia.org/wiki/Port_City_Colombo"
     }
   },
   {
    "type": "Feature",
    "geometry": {
       "type": "Point",
       "coordinates":  [ 38.091836,24.057765 ]
    },
    "properties": {
    "name":"Sino-Oman Industrial City",
    "html":"Sino-Oman Industrial City",
    "tab": "sino-oman-industrial-city",
    "continent": "Asia",
    "country": "Oman",
    "wikipedia":"https://en.wikipedia.org/wiki/Duqm"
    }
  },
  {
    "type": "Feature",
    "geometry": {
       "type": "Point",
       "coordinates":  [ 31.43247,30.00127 ]
    },
    "properties": {
    "name":"New Administrative Capital",
    "html":"New Administrative Capital",
    "tab": "new-administrative-capital",
    "continent": "Africa",
    "country": "Egypt",
    "wikipedia":"https://en.wikipedia.org/wiki/New_Administrative_Capital"
    }
  },
  {
    "type": "Feature",
    "geometry": {
       "type": "Point",
       "coordinates":  [ 7.50064,9.06146 ]
    },
    "properties": {
    "name":"Centenary City",
    "html":"Centenary City",
    "tab": "centenary-city",
    "continent": "Africa",
    "country": "Nigeria",
    "wikipedia":"https://en.wikipedia.org/wiki/Centenary_City"
    }
  },
  {
    "type": "Feature",
    "geometry": {
       "type": "Point",
       "coordinates":  [ 3.419025,6.406759 ]
    },
    "properties": {
    "name":"Eko Atlantic City",
    "html":"Eko Atlantic City",
    "tab": "eko-atlantic-city",
    "continent": "Africa",
    "country": "Nigeria",
    "wikipedia":"https://en.wikipedia.org/wiki/Eko_Atlantic"
    }
  },
  {
    "type": "Feature",
    "geometry": {
       "type": "Point",
       "coordinates":  [ -16.9061937,15.18544 ]
    },
    "properties": {
    "name":"Akon City",
    "html":"Akon City",
    "tab": "akon-city",
    "continent": "Africa",
    "country": "Senegal",
    "wikipedia":"https://en.wikipedia.org/wiki/Akon_City,_Senegal"
    }
  },
  {
    "type": "Feature",
    "geometry": {
       "type": "Point",
       "coordinates":  [ 27.91781,-25.957491 ]
    },
    "properties": {
    "name":"Lanseria Smart City",
    "html":"Lanseria Smart City",
    "tab": "lanseria-smart-city",
    "continent": "Africa",
    "country": "South Africa",
    "wikipedia":"https://storymaps.arcgis.com/stories/cbc7678cb3e44748b0d9089e39248368"
    }
  },
  {
    "type": "Feature",
    "geometry": {
       "type": "Point",
       "coordinates":  [ 31.11777,29.03519 ]
    },
    "properties": {
    "name":"New Alamein City",
    "html":"New Alamein City",
    "tab": "new-alamein-city",
    "continent": "Africa",
    "country": "Egypt",
    "wikipedia":"https://en.wikipedia.org/wiki/New_Alamein"
    }
  },
  {
    "type": "Feature",
    "geometry": {
       "type": "Point",
       "coordinates":  [ 28.09543,-26.04494 ]
    },
    "properties": {
    "name":"Waterfall City",
    "html":"Waterfall City",
    "tab": "waterfall-city",
    "continent": "Africa",
    "country": "South Africa",
    "wikipedia":"https://waterfall.co.za/"
    }
  },
  {
    "type": "Feature",
    "geometry": {
       "type": "Point",
       "coordinates":  [ -6.02776,35.47227 ]
    },
    "properties": {
    "name":"Mohamed VI Tangier Tech City",
    "html":"Mohamed VI Tangier Tech City",
    "tab": "mohamed-VI-tangier-tech-city",
    "continent": "Africa",
    "country": "Morocco",
    "wikipedia":"https://www.theagilityeffect.com/en/review/tangier-tech-the-moroccan-smart-city-is-under-construction/"
    }
  },
  {
    "type": "Feature",
    "geometry": {
       "type": "Point",
       "coordinates":  [ -0.22097,5.55472 ]
    },
    "properties": {
    "name":"Wakanda City of Return",
    "html":"Wakanda City of Return",
    "tab": "wakanda-city-of-return",
    "continent": "Africa",
    "country": "Ghana",
    "wikipedia":"https://citinewsroom.com/2021/04/wakanda-city-of-return-to-start-in-august-2021/"
    }
  },
  {
    "type": "Feature",
    "geometry": {
       "type": "Point",
       "coordinates":  [ 117.749124,39.120536]
    },
    "properties": {
    "name":"Sino-Singapore Tianjin Eco-City",
    "html":"Sino-Singapore Tianjin Eco-City",
    "tab": "sino-singapore-tianjin-eco-city",
    "continent": "Asia",
    "country": "Singapore",
    "wikipedia":"https://en.wikipedia.org/wiki/Sino-Singapore_Tianjin_Eco-city"
    }
  },
  {
    "type": "Feature",
    "geometry": {
       "type": "Point",
       "coordinates":  [ 113.519348,23.35239 ]
    },
    "properties": {
    "name":"Sino-Singapore Guangzhou Knowledge City",
    "html":"Sino-Singapore Guangzhou Knowledge City",
    "tab": "sino-singapore-guangzhou-knowledge-city",
    "continent": "Asia",
    "country": "Singapore",
    "wikipedia":"https://www.capitaland.com/international/en/find-a-property/global-property-listing/integrateddevelopment-urbandevelopment/china-singapore-guangzhou-knowledge-city.html"
    }
  },
  {
    "type": "Feature",
    "geometry": {
       "type": "Point",
       "coordinates":  [ 116.386337, 39.93084]
    },
    "properties": {
    "name":"New Silk Road City of Khorgos",
    "html":"New Silk Road City of Khorgos",
    "tab": "new-silk-road-city-of-khorgos",
    "continent": "Asia",
    "country": "China",
    "wikipedia":"https://www.nytimes.com/2018/01/01/world/asia/china-kazakhstan-silk-road.html"
    }
  },
  {
    "type": "Feature",
    "geometry": {
       "type": "Point",
       "coordinates":  [ 46.72413, 24.69497]
    },
    "properties": {
    "name":"Neom",
    "html":"Neom",
    "tab": "neom",
    "continent": "Asia",
    "country": "Saudi Arabia",
    "wikipedia":"https://en.wikipedia.org/wiki/Neom"
    }
  },
  {
    "type": "Feature",
    "geometry": {
       "type": "Point",
       "coordinates":  [ 54.61833, 24.42917]
    },
    "properties": {
    "name":"Masdar",
    "html":"Masdar",
    "tab": "masdar",
    "continent": "Asia",
    "country": "Abu Dhabi",
    "wikipedia":"https://en.wikipedia.org/wiki/Masdar_City"
    }
  },
  {
    "type": "Feature",
    "geometry": {
       "type": "Point",
       "coordinates":  [ 121.46588, 25.01171]
    },
    "properties": {
    "name":"Robotic New City",
    "html":"Robotic New City",
    "tab": "robotic-new-city",
    "continent": "Asia",
    "country": "Malaysia",
    "wikipedia":"https://www.thestar.com.my/metro/community/2017/05/26/robotic-city-to-be-economic-game-changer/"
    }
  },
  {
    "type": "Feature",
    "geometry": {
       "type": "Point",
       "coordinates":  [ 31.43247, 30.00127]
    },
    "properties": {
    "name":"New Cairo",
    "html":"New Cairo",
    "tab": "new-cairo",
    "continent": "Africa",
    "country": "Egypt",
    "wikipedia":"https://en.wikipedia.org/wiki/New_Cairo"
    }
  },
  {
    "type": "Feature",
    "geometry": {
       "type": "Point",
       "coordinates":  [ 120.56607, 15.32018]
    },
    "properties": {
    "name":"New Clark City",
    "html":"New Clark City",
    "tab": "new-clark-city",
    "continent": "Asia",
    "country": "Philippines",
    "wikipedia":"https://en.wikipedia.org/wiki/New_Clark_City"
    }
  },
  {
    "type": "Feature",
    "geometry": {
       "type": "Point",
       "coordinates":  [ 101.44506, 12.9910]
    },
    "properties": {
    "name":"Eastern Economic Corridor",
    "html":"Eastern Economic Corridor",
    "tab": "eastern-economic-corridor",
    "continent": "Asia",
    "country": "Thailand",
    "wikipedia":"https://en.wikipedia.org/wiki/Eastern_Economic_Corridor"
    }
  },
  {
    "type": "Feature",
    "geometry": {
       "type": "Point",
       "coordinates":  [ 96.16904, 16.87845]
    },
    "properties": {
    "name":"New Yangon City Development",
    "html":"New Yangon City Development",
    "tab": "new-yangon-city-development",
    "continent": "Asia",
    "country": "Myanmar",
    "wikipedia":"https://en.wikipedia.org/wiki/New_Yangon_City"
    }
  },
  {
    "type": "Feature",
    "geometry": {
       "type": "Point",
       "coordinates":  [ 77.0639, 28.59266]
    },
    "properties": {
    "name":"Mulberry L Zone Smart City New Dehli",
    "html":"Mulberry L Zone Smart City New Dehli",
    "tab": "mulberry-l-zone-smart-city-new-dehli",
    "continent": "Asia",
    "country": "India",
    "wikipedia":"https://smartcityhousing.wordpress.com/mulberry-dwarka/"
    }
  },
  {
    "type": "Feature",
    "geometry": {
       "type": "Point",
       "coordinates":  [ 117.6612, 39.02585]
    },
    "properties": {
    "name":"Binhai New Area",
    "html":"Binhai New Area",
    "tab": "binhai-new-area",
    "continent": "Asia",
    "country": "China",
    "wikipedia":"https://en.wikipedia.org/wiki/Binhai"
    }
  },
  {
    "type": "Feature",
    "geometry": {
       "type": "Point",
       "coordinates":  [ 110.03092, 25.20567]
    },
    "properties": {
    "name":"Liangjiang New Area",
    "html":"Liangjiang New Area",
    "tab": "liangjiang-new-area",
    "continent": "Asia",
    "country": "China",
    "wikipedia":"https://en.wikipedia.org/wiki/Liangjiang_New_Area"
    }
  },
  {
    "type": "Feature",
    "geometry": {
       "type": "Point",
       "coordinates":  [ 104.03966,30.3677 ]
    },
    "properties": {
    "name":"Tianfu",
    "html":"Tianfu",
    "tab": "tianfu",
    "continent": "Asia",
    "country": "China",
    "wikipedia":"https://en.wikipedia.org/wiki/Tianfu"
    }
  },
  {
    "type": "Feature",
    "geometry": {
       "type": "Point",
       "coordinates":  [ 3.52425,6.47561 ]
    },
    "properties": {
    "name":"Gracefield Island",
    "html":"Gracefield Island",
    "tab": "gracefield-island",
    "continent": "Africa",
    "country": "Nigeria",
    "wikipedia":"https://en.wikipedia.org/wiki/Gracefield_Island"
    }
  },
  {
    "type": "Feature",
    "geometry": {
       "type": "Point",
       "coordinates":  [ 37.18487, -1.68923]
    },
    "properties": {
    "name":"Konza Technopolis",
    "html":"Konza Technopolis",
    "tab": "konza-technopolis",
    "continent": "Africa",
    "country": "Kenya",
    "wikipedia":"https://en.wikipedia.org/wiki/Gracefield_Island"
    }
  }
  
 ]
 }